[{"date":"11 Nov 2015, 06:25PM","total price":"67.50","customerId":1,"showtimeId":12,"seats":[{"col":0,"row":0},{"col":1,"row":0},{"col":2,"row":0},{"col":3,"row":0},{"col":4,"row":0},{"col":5,"row":0},{"col":6,"row":0},{"col":7,"row":0},{"col":8,"row":0}],"tid":"CND201511111825"}, {"date":"11 Nov 2015, 06:26PM","total price":"80.50","customerId":2,"showtimeId":12,"seats":[{"col":0,"row":1},{"col":1,"row":1},{"col":2,"row":1},{"col":3,"row":1},{"col":4,"row":1},{"col":5,"row":1},{"col":6,"row":1},{"col":7,"row":1},{"col":8,"row":1}],"tid":"CND201511111826"}, {"date":"11 Nov 2015, 06:27PM","total price":"38.00","customerId":3,"showtimeId":12,"seats":[{"col":0,"row":4},{"col":1,"row":4},{"col":2,"row":4},{"col":3,"row":4}],"tid":"CND201511111827"}, {"date":"11 Nov 2015, 06:28PM","total price":"19.00","customerId":4,"showtimeId":59,"seats":[{"col":0,"row":4},{"col":1,"row":4}],"tid":"CND201511111828"}, {"date":"11 Nov 2015, 06:29PM","total price":"9.50","customerId":4,"showtimeId":60,"seats":[{"col":0,"row":0}],"tid":"CNC201511111829"}, {"date":"11 Nov 2015, 06:35PM","total price":"23.50","customerId":5,"showtimeId":117,"seats":[{"col":2,"row":2},{"col":3,"row":2},{"col":4,"row":2}],"tid":"DNB201511111835"}, {"date":"11 Nov 2015, 06:40PM","total price":"19.00","customerId":5,"showtimeId":13,"seats":[{"col":2,"row":2},{"col":3,"row":2}],"tid":"CNC201511111840"}]